,s,t,o,h,l,c,v
0,ok,2019-03-04,496.1,496.1,482.0,496.1,204330
1,ok,2019-03-05,520.9,520.9,520.9,520.9,17251
2,ok,2019-03-06,546.9,546.9,546.9,546.9,22190
3,ok,2019-03-07,573.0,573.0,519.6,548.8,449000
4,ok,2019-03-10,564.4,576.2,537.0,576.2,96125
5,ok,2019-03-11,599.5,605.0,590.0,605.0,51603
6,ok,2019-03-12,621.0,635.25,605.0,632.15,214869
7,ok,2019-03-13,625.8,663.75,620.0,662.8,179482
8,ok,2019-03-14,678.0,683.8,636.0,642.15,62702
9,ok,2019-03-17,649.95,651.0,582.0,606.35,128120
10,ok,2019-03-18,601.0,608.75,573.0,579.45,97824
11,ok,2019-03-19,579.0,589.75,555.15,575.4,130310
12,ok,2019-03-21,570.4,603.55,565.0,577.35,142338
13,ok,2019-03-24,587.3,587.3,558.1,560.5,29742
14,ok,2019-03-25,561.0,570.0,545.1,548.85,41681
15,ok,2019-03-26,554.75,554.75,531.0,532.45,40155
16,ok,2019-03-27,531.5,542.75,530.2,532.7,26027
17,ok,2019-03-28,533.5,572.65,526.0,558.5,60093
18,ok,2019-03-31,553.0,574.95,552.0,553.95,18920
19,ok,2019-04-01,554.0,560.0,545.1,548.75,14885
20,ok,2019-04-02,548.0,552.9,525.0,527.05,31263
21,ok,2019-04-03,529.0,542.0,523.95,530.85,19423
22,ok,2019-04-04,531.0,537.5,522.0,524.1,28345
23,ok,2019-04-07,523.75,530.0,515.05,520.8,18418
24,ok,2019-04-08,524.95,524.95,512.0,515.1,28428
25,ok,2019-04-09,515.0,519.5,506.7,507.9,15428
26,ok,2019-04-10,514.85,518.0,504.9,514.75,14997
27,ok,2019-04-11,518.0,518.0,505.05,507.05,5827
28,ok,2019-04-14,505.05,514.0,493.05,496.65,34183
29,ok,2019-04-15,495.0,497.0,480.0,481.15,26114
30,ok,2019-04-17,480.2,486.0,480.0,483.35,26380
31,ok,2019-04-21,480.25,483.5,468.65,475.35,27995
32,ok,2019-04-22,473.5,482.95,470.25,476.25,20881
33,ok,2019-04-23,482.0,485.0,469.5,481.2,27273
34,ok,2019-04-24,481.2,485.35,475.05,479.15,52917
35,ok,2019-04-25,475.3,477.45,473.0,474.7,21310
36,ok,2019-04-29,470.5,473.0,455.0,465.3,34103
37,ok,2019-05-01,465.1,471.85,460.0,465.25,62804
38,ok,2019-05-02,470.0,470.0,455.0,458.1,17330
39,ok,2019-05-05,451.0,459.0,446.05,451.7,16639
40,ok,2019-05-06,450.15,456.0,436.05,437.15,23471
41,ok,2019-05-07,430.05,440.0,420.0,421.9,19485
42,ok,2019-05-08,417.1,420.0,415.6,416.95,22716
43,ok,2019-05-09,413.1,418.95,398.0,399.75,45486
44,ok,2019-05-12,400.0,400.0,389.25,391.2,38043
45,ok,2019-05-13,390.0,391.95,380.3,383.65,23898
46,ok,2019-05-14,383.95,384.0,375.2,375.75,27261
47,ok,2019-05-15,375.0,415.0,351.0,392.05,67084
48,ok,2019-05-16,393.5,446.95,393.5,427.85,57247
49,ok,2019-05-19,435.0,469.75,435.0,452.35,115940
50,ok,2019-05-20,459.9,471.5,446.5,463.3,41569
51,ok,2019-05-21,466.0,487.8,457.85,477.8,30729
52,ok,2019-05-22,480.0,495.0,475.5,488.05,117031
53,ok,2019-05-23,497.25,522.5,491.1,517.6,38495
54,ok,2019-05-26,518.0,521.1,497.0,506.1,18419
55,ok,2019-05-27,506.2,510.85,490.25,507.6,10131
56,ok,2019-05-28,507.6,527.9,507.6,516.9,35636
57,ok,2019-05-29,516.9,524.0,501.2,518.55,8815
58,ok,2019-05-30,523.0,523.0,507.0,510.8,5516
59,ok,2019-06-02,507.8,515.55,490.0,513.7,13772
60,ok,2019-06-03,505.8,506.35,492.0,495.35,43452
61,ok,2019-06-05,509.0,510.0,489.0,491.15,17116
62,ok,2019-06-06,489.0,496.0,471.2,487.55,19324
63,ok,2019-06-09,487.55,499.0,485.0,495.35,9160
64,ok,2019-06-10,500.0,500.0,487.85,495.05,7666
65,ok,2019-06-11,492.05,498.1,484.75,488.5,5193
66,ok,2019-06-12,484.2,496.1,484.2,495.1,5817
67,ok,2019-06-13,490.0,490.05,473.6,476.05,24443
68,ok,2019-06-16,487.0,490.05,465.0,477.9,13401
69,ok,2019-06-17,472.0,485.0,472.0,474.2,11601
70,ok,2019-06-18,480.0,488.0,448.0,465.2,27282
71,ok,2019-06-19,455.9,472.0,449.0,470.1,13769
72,ok,2019-06-20,461.0,475.0,459.05,466.75,10788
73,ok,2019-06-23,463.75,479.75,460.05,474.75,7057
74,ok,2019-06-24,470.0,479.7,455.8,474.95,5225
75,ok,2019-06-25,465.0,490.0,465.0,482.25,4691
76,ok,2019-06-26,482.0,492.0,482.0,490.0,4143
77,ok,2019-06-27,482.0,496.5,470.8,479.85,13344
78,ok,2019-06-30,470.0,495.0,470.0,491.25,7103
79,ok,2019-07-01,485.0,494.6,481.0,485.1,6983
80,ok,2019-07-02,481.0,493.75,481.0,489.25,3247
81,ok,2019-07-03,483.0,492.0,483.0,484.5,10405
82,ok,2019-07-04,481.0,490.1,479.1,484.2,6329
83,ok,2019-07-07,480.2,488.0,465.0,480.0,9484
84,ok,2019-07-08,470.0,482.0,470.0,474.75,5096
85,ok,2019-07-09,477.0,480.05,472.0,476.95,6816
86,ok,2019-07-10,476.95,480.0,470.0,473.5,6752
87,ok,2019-07-11,465.05,486.55,465.05,483.65,3586
88,ok,2019-07-14,483.65,485.0,470.0,479.4,5319
89,ok,2019-07-15,470.05,480.0,470.05,476.7,3482
90,ok,2019-07-16,471.4,484.55,471.4,477.65,2170
91,ok,2019-07-17,472.05,480.9,472.05,475.3,6300
92,ok,2019-07-18,471.05,479.0,465.15,475.7,9322
93,ok,2019-07-21,470.0,486.0,447.2,482.6,8947
94,ok,2019-07-22,473.15,495.95,473.15,486.0,5615
95,ok,2019-07-23,480.1,484.2,477.0,477.1,2458
96,ok,2019-07-24,475.0,486.0,472.6,480.75,7628
97,ok,2019-07-25,473.0,483.8,461.5,479.7,6655
98,ok,2019-07-28,476.2,488.9,469.0,471.9,14819
99,ok,2019-07-29,465.0,474.55,445.0,451.4,3876
100,ok,2019-07-30,442.5,462.3,442.5,459.9,1757
101,ok,2019-07-31,445.1,465.0,445.0,456.8,3136
102,ok,2019-08-01,449.8,455.6,423.0,444.3,8869
103,ok,2019-08-04,422.0,465.0,422.0,455.65,2317
104,ok,2019-08-05,455.65,466.0,455.65,460.55,9428
105,ok,2019-08-06,467.0,467.05,445.0,451.45,14617
106,ok,2019-08-07,460.0,465.9,453.05,455.3,11205
107,ok,2019-08-08,445.05,464.7,445.05,457.5,13478
108,ok,2019-08-12,445.05,453.6,435.7,439.05,8776
109,ok,2019-08-13,441.0,441.25,435.0,436.1,22754
110,ok,2019-08-15,435.0,435.55,425.5,426.8,5104
111,ok,2019-08-18,426.0,443.95,422.05,433.05,34526
112,ok,2019-08-19,435.0,435.0,423.05,425.4,3296
113,ok,2019-08-20,426.0,426.0,403.0,405.5,6290
114,ok,2019-08-21,402.4,405.0,384.0,388.0,9446
115,ok,2019-08-22,380.0,392.0,378.0,379.45,15914
116,ok,2019-08-25,383.5,396.85,375.05,390.3,21806
117,ok,2019-08-26,398.7,432.7,393.0,420.6,69512
118,ok,2019-08-27,418.8,426.55,410.5,418.55,12192
119,ok,2019-08-28,410.0,415.0,395.0,395.75,21737
120,ok,2019-08-29,390.05,417.75,390.05,409.5,8912
121,ok,2019-09-02,400.1,410.95,390.0,393.6,10434
122,ok,2019-09-03,393.35,397.6,388.15,391.35,4051
123,ok,2019-09-04,372.5,394.3,372.5,388.6,1762
124,ok,2019-09-05,386.05,393.2,386.0,389.3,8967
125,ok,2019-09-08,396.8,396.85,381.0,382.15,10211
126,ok,2019-09-10,383.0,393.8,383.0,385.5,41534
127,ok,2019-09-11,387.0,389.35,382.15,383.05,16036
128,ok,2019-09-12,382.15,391.55,380.15,380.55,15506
129,ok,2019-09-15,381.0,413.85,376.3,403.55,27109
130,ok,2019-09-16,409.0,413.35,395.2,396.3,25593
131,ok,2019-09-17,392.45,409.0,392.4,407.5,25461
132,ok,2019-09-18,400.05,406.1,396.0,401.2,7566
133,ok,2019-09-19,406.4,442.6,400.0,417.1,51397
134,ok,2019-09-22,418.5,439.8,418.25,433.9,47232
135,ok,2019-09-23,434.0,437.0,424.1,425.3,17008
136,ok,2019-09-24,412.55,425.0,407.85,410.1,118764
137,ok,2019-09-25,435.0,481.0,430.0,442.45,79960
138,ok,2019-09-26,446.0,483.25,446.0,474.35,65191
139,ok,2019-09-29,480.25,483.15,460.25,463.9,15234
140,ok,2019-09-30,485.0,485.0,459.05,472.05,10857
141,ok,2019-10-02,460.0,467.95,451.0,458.55,5779
142,ok,2019-10-03,459.0,461.2,445.0,449.0,17754
143,ok,2019-10-06,445.1,449.85,440.0,443.9,12222
144,ok,2019-10-08,441.1,466.6,435.0,448.25,10254
145,ok,2019-10-09,436.05,459.7,436.05,453.05,9818
146,ok,2019-10-10,453.05,458.3,449.0,451.85,11860
147,ok,2019-10-13,442.05,459.85,442.0,450.25,5212
148,ok,2019-10-14,441.05,463.0,441.05,460.7,12045
149,ok,2019-10-15,467.0,468.0,450.0,453.3,1704
150,ok,2019-10-16,450.0,468.0,448.0,458.95,8951
151,ok,2019-10-17,448.1,474.0,448.1,469.6,11261
152,ok,2019-10-21,459.0,475.0,457.5,461.15,15382
153,ok,2019-10-22,457.55,468.0,457.05,464.4,8172
154,ok,2019-10-23,467.9,484.8,457.0,475.5,10250
155,ok,2019-10-24,478.9,491.0,464.1,470.25,13895
156,ok,2019-10-26,475.0,491.0,470.0,484.9,4709
157,ok,2019-10-28,485.0,505.0,485.0,497.4,22193
158,ok,2019-10-29,494.0,500.0,489.05,491.6,13847
159,ok,2019-10-30,491.6,500.0,485.05,486.65,10220
160,ok,2019-10-31,485.2,487.45,475.05,483.4,12394
161,ok,2019-11-03,476.05,486.0,474.55,480.45,12330
162,ok,2019-11-04,485.0,492.65,472.0,474.95,8746
163,ok,2019-11-05,474.0,475.0,468.0,472.25,6798
164,ok,2019-11-06,470.05,484.65,465.0,481.1,7772
165,ok,2019-11-07,475.15,548.0,475.15,512.8,47794
166,ok,2019-11-10,512.8,534.4,500.35,508.7,18039
167,ok,2019-11-12,529.0,529.0,497.0,499.9,9345
168,ok,2019-11-13,505.05,505.9,489.0,491.5,25473
169,ok,2019-11-14,490.35,499.9,482.35,489.4,16169
170,ok,2019-11-17,484.5,492.95,471.2,488.8,17605
171,ok,2019-11-18,488.95,490.0,471.0,474.65,60090
172,ok,2019-11-19,469.1,476.4,454.0,459.85,46436
173,ok,2019-11-20,474.9,474.9,445.1,456.65,19206
174,ok,2019-11-21,455.0,455.0,444.0,452.1,12338
175,ok,2019-11-24,440.0,472.0,433.0,438.85,73725
176,ok,2019-11-25,450.0,463.05,438.4,456.4,16930
177,ok,2019-11-26,458.0,464.95,452.0,456.7,44857
178,ok,2019-11-27,455.0,463.8,451.0,459.8,8180
179,ok,2019-11-28,452.0,462.0,444.55,449.8,6518
180,ok,2019-12-01,450.0,460.0,440.1,440.35,20714
181,ok,2019-12-02,439.0,447.0,418.9,439.9,14721
182,ok,2019-12-03,427.0,442.0,424.55,440.2,18964
183,ok,2019-12-04,444.85,444.85,423.05,436.85,19597
184,ok,2019-12-05,427.0,442.7,427.0,431.1,5347
185,ok,2019-12-08,426.0,432.0,425.25,431.1,6029
186,ok,2019-12-09,426.15,442.7,420.1,423.35,16236
187,ok,2019-12-10,436.1,436.1,425.8,427.95,6120
188,ok,2019-12-11,424.0,436.0,424.0,432.05,3382
189,ok,2019-12-12,423.5,442.95,423.5,438.6,8678
190,ok,2019-12-15,450.0,460.0,436.0,450.5,76351
191,ok,2019-12-16,454.95,475.2,451.45,460.4,24801
192,ok,2019-12-17,465.95,468.0,454.55,455.6,2432
193,ok,2019-12-18,450.0,465.95,450.0,462.4,5066
194,ok,2019-12-19,462.0,465.55,460.0,463.75,4118
195,ok,2019-12-22,455.0,464.75,455.0,457.0,4735
196,ok,2019-12-23,455.05,467.0,451.0,455.45,3754
197,ok,2019-12-25,450.05,461.0,450.05,459.95,12034
198,ok,2019-12-26,466.0,466.0,450.0,450.8,8103
199,ok,2019-12-29,450.8,469.65,450.8,464.1,8687
200,ok,2019-12-30,456.6,489.7,456.6,482.85,12648
201,ok,2019-12-31,483.1,502.0,477.8,499.15,8497
202,ok,2020-01-01,498.0,518.4,470.25,484.85,25863
203,ok,2020-01-02,488.0,488.05,473.0,478.15,7761
204,ok,2020-01-05,475.0,475.0,464.0,470.0,32999
205,ok,2020-01-06,470.0,494.6,470.0,484.2,9808
206,ok,2020-01-07,480.05,499.0,470.65,481.75,16402
207,ok,2020-01-08,485.0,514.0,485.0,496.65,33445
208,ok,2020-01-09,496.95,514.0,494.3,509.4,29201
209,ok,2020-01-12,514.0,539.9,510.0,529.65,119884
210,ok,2020-01-13,530.0,547.9,525.35,528.65,39835
211,ok,2020-01-14,525.0,533.0,501.5,513.05,25049
212,ok,2020-01-15,515.0,529.9,511.5,528.85,20793
213,ok,2020-01-16,538.0,544.95,525.35,540.5,56421
214,ok,2020-01-19,545.0,586.9,536.5,580.55,75953
215,ok,2020-01-20,580.55,587.2,550.0,555.25,28031
216,ok,2020-01-21,555.25,563.05,545.25,553.8,29122
217,ok,2020-01-22,550.05,592.75,550.05,571.65,37972
218,ok,2020-01-23,562.55,594.0,562.55,578.55,46520
219,ok,2020-01-26,564.0,598.0,564.0,577.55,26804
220,ok,2020-01-27,577.0,599.9,577.0,585.6,28082
221,ok,2020-01-28,592.0,630.0,581.9,622.85,53333
222,ok,2020-01-29,620.0,628.0,610.0,616.15,18918
223,ok,2020-01-30,610.05,619.8,592.0,603.4,24132
224,ok,2020-01-31,591.1,629.6,589.6,596.05,22111
225,ok,2020-02-02,596.05,639.0,581.05,624.1,19424
226,ok,2020-02-03,639.0,655.45,618.5,623.2,20860
227,ok,2020-02-04,622.0,651.0,622.0,639.4,9156
228,ok,2020-02-05,626.0,672.0,626.0,663.2,24757
229,ok,2020-02-06,656.0,678.65,572.3,591.4,98605
230,ok,2020-02-09,592.55,612.9,562.5,598.55,35848
231,ok,2020-02-10,610.0,610.0,575.25,583.55,11057
232,ok,2020-02-11,595.5,595.5,570.0,571.6,9347
233,ok,2020-02-12,570.85,597.65,567.85,591.85,10159
234,ok,2020-02-13,580.05,596.0,577.0,579.1,8827
235,ok,2020-02-16,580.0,581.7,561.05,568.0,10944
236,ok,2020-02-17,565.0,577.15,555.0,563.5,8992
237,ok,2020-02-18,563.0,578.0,563.0,571.45,5155
238,ok,2020-02-19,578.0,584.0,566.3,570.75,3955
239,ok,2020-02-23,570.5,570.5,527.0,529.7,162759
240,ok,2020-02-24,537.0,554.0,532.55,537.25,55568
241,ok,2020-02-25,537.25,548.05,531.0,542.75,35515
242,ok,2020-02-26,545.0,555.0,533.0,541.25,16012
243,ok,2020-02-27,533.0,546.65,486.15,511.95,119828
244,ok,2020-03-01,519.0,534.9,501.0,505.4,37518
245,ok,2020-03-02,505.8,535.0,504.95,527.3,12579
246,ok,2020-03-03,524.1,535.0,513.0,526.9,18812
247,ok,2020-03-04,528.95,530.05,525.0,527.0,3657
248,ok,2020-03-05,521.8,526.45,495.0,506.95,17858
249,ok,2020-03-08,492.0,498.3,445.3,482.2,70753
250,ok,2020-03-10,495.0,495.0,462.35,469.7,19337
251,ok,2020-03-11,468.0,468.0,403.9,422.85,52812
252,ok,2020-03-12,405.0,448.0,340.1,419.9,29144
253,ok,2020-03-15,418.7,418.7,382.3,388.75,12304
254,ok,2020-03-16,388.05,401.5,388.05,391.5,8240
255,ok,2020-03-17,380.65,391.45,342.35,348.9,34536
256,ok,2020-03-18,348.9,348.9,281.3,306.25,22309
257,ok,2020-03-19,310.05,329.7,285.05,298.3,26224
258,ok,2020-03-22,280.0,290.0,268.5,268.5,11409
259,ok,2020-03-23,250.0,295.0,241.65,241.65,19614
260,ok,2020-03-24,241.1,265.8,225.05,247.35,7336
261,ok,2020-03-25,264.35,272.05,252.0,272.0,11490
262,ok,2020-03-26,275.3,299.2,273.0,299.2,7824
263,ok,2020-03-29,305.0,315.0,276.0,306.2,10686
264,ok,2020-03-30,303.15,334.95,302.0,325.95,12523
265,ok,2020-03-31,320.0,329.95,309.7,314.85,6439
266,ok,2020-04-02,315.0,319.0,299.15,299.15,3276
267,ok,2020-04-06,314.0,314.0,285.0,312.75,9385
268,ok,2020-04-07,304.75,323.7,303.1,313.2,11786
269,ok,2020-04-08,314.9,328.7,310.0,325.95,15205
270,ok,2020-04-12,328.95,335.95,309.7,311.95,6411
271,ok,2020-04-14,320.0,326.8,296.4,296.4,9742
272,ok,2020-04-15,296.4,305.0,283.0,300.1,11779
273,ok,2020-04-16,303.8,315.0,297.5,300.6,19186
274,ok,2020-04-19,314.0,314.05,298.9,301.75,20202
275,ok,2020-04-20,300.0,300.0,286.7,287.0,10250
276,ok,2020-04-21,286.05,295.15,286.05,289.35,5813
277,ok,2020-04-22,289.4,297.15,289.4,292.45,4907
278,ok,2020-04-23,290.1,291.15,277.85,282.0,39279
279,ok,2020-04-26,288.85,296.1,280.0,296.1,18367
280,ok,2020-04-27,301.95,310.9,297.95,306.0,14166
281,ok,2020-04-28,310.3,315.0,300.0,303.6,3008
282,ok,2020-04-29,309.95,318.75,301.4,318.15,19651
283,ok,2020-05-03,308.0,308.0,302.25,302.25,4751
284,ok,2020-05-04,302.2,302.2,287.15,287.15,6761
285,ok,2020-05-05,282.0,289.0,278.0,280.15,3461
286,ok,2020-05-06,287.5,287.5,278.0,279.55,3470
287,ok,2020-05-07,288.5,290.95,272.0,274.2,6414
288,ok,2020-05-10,277.0,281.5,267.6,270.9,4717
289,ok,2020-05-11,270.95,277.65,266.5,272.3,2972
290,ok,2020-05-12,279.3,284.0,275.05,277.3,8545
291,ok,2020-05-13,277.5,279.9,272.1,273.7,2418
292,ok,2020-05-14,272.7,274.95,271.0,272.25,6308
293,ok,2020-05-17,278.5,278.5,264.0,266.05,3054
294,ok,2020-05-18,270.0,271.55,265.3,268.0,2699
295,ok,2020-05-19,268.05,270.85,261.0,267.7,6191
296,ok,2020-05-20,267.65,278.0,265.0,274.95,1141
297,ok,2020-05-21,267.0,281.35,261.25,263.6,8869
298,ok,2020-05-25,265.0,269.95,262.5,264.8,3509
299,ok,2020-05-26,269.55,275.5,265.0,274.85,1554
300,ok,2020-05-27,284.0,285.9,278.0,282.55,2735
301,ok,2020-05-28,280.25,296.65,280.0,295.1,7189
302,ok,2020-05-31,309.0,309.5,295.0,306.55,17839
303,ok,2020-06-01,301.0,321.85,301.0,321.85,11001
304,ok,2020-06-02,337.9,337.9,326.5,337.9,10644
305,ok,2020-06-03,354.75,354.75,330.0,354.75,28629
306,ok,2020-06-04,369.0,372.45,345.55,372.45,6771
307,ok,2020-06-07,388.0,391.05,360.0,365.25,11014
308,ok,2020-06-08,364.05,369.0,347.0,348.45,9216
309,ok,2020-06-09,346.05,348.45,331.05,331.45,8964
310,ok,2020-06-10,330.45,348.0,326.6,342.55,4573
311,ok,2020-06-11,325.45,352.05,325.45,349.5,8557
312,ok,2020-06-14,344.5,358.0,337.05,342.0,3435
313,ok,2020-06-15,342.0,350.9,332.0,337.05,8424
314,ok,2020-06-16,336.85,346.9,336.2,342.15,2676
315,ok,2020-06-17,345.95,352.95,337.05,339.45,3632
316,ok,2020-06-18,339.3,355.45,339.05,345.85,7429
317,ok,2020-06-21,343.85,360.0,328.6,344.0,10253
318,ok,2020-06-22,340.0,348.0,340.0,345.0,7025
319,ok,2020-06-23,345.0,359.95,330.0,349.15,39534
320,ok,2020-06-24,347.95,366.6,340.0,366.5,97485
321,ok,2020-06-25,384.8,384.8,384.8,384.8,11747
322,ok,2020-06-28,397.95,402.9,372.45,382.4,39908
323,ok,2020-06-29,394.0,395.0,382.5,383.1,17140
324,ok,2020-06-30,394.0,394.0,375.0,384.7,91487
325,ok,2020-07-01,403.9,403.9,403.9,403.9,9820
326,ok,2020-07-02,424.05,424.05,424.05,424.05,5774
327,ok,2020-07-05,445.25,445.25,445.25,445.25,4436
328,ok,2020-07-06,467.5,467.5,467.5,467.5,2386
329,ok,2020-07-07,490.85,490.85,457.8,461.4,92905
330,ok,2020-07-08,470.0,482.0,455.95,469.45,29488
331,ok,2020-07-09,460.55,472.0,449.0,453.25,18070
332,ok,2020-07-12,474.0,475.9,461.25,475.1,43920
333,ok,2020-07-13,482.0,482.0,451.35,452.7,26989
334,ok,2020-07-14,455.0,467.65,451.05,453.75,27890
335,ok,2020-07-15,441.6,461.35,441.6,449.45,7292
336,ok,2020-07-16,451.0,460.7,449.65,452.95,5839
337,ok,2020-07-19,461.0,475.0,453.95,460.0,6672
338,ok,2020-07-20,465.0,465.0,455.0,460.4,11665
339,ok,2020-07-21,465.95,474.0,450.25,466.9,24709
340,ok,2020-07-22,466.65,468.05,459.05,462.4,6850
341,ok,2020-07-23,451.25,463.05,450.0,454.65,22083
342,ok,2020-07-26,466.0,474.65,448.0,453.7,51206
343,ok,2020-07-27,450.7,461.0,450.7,457.1,16182
344,ok,2020-07-28,460.35,460.35,452.2,454.55,6142
345,ok,2020-07-29,455.0,466.0,455.0,462.65,21254
346,ok,2020-07-30,452.95,466.0,452.1,461.4,10451
347,ok,2020-08-02,469.4,480.25,453.1,471.45,25235
348,ok,2020-08-03,490.0,495.0,485.0,490.0,49726
349,ok,2020-08-04,482.05,495.0,478.2,487.9,27677
350,ok,2020-08-05,496.9,512.25,482.0,511.0,59914
351,ok,2020-08-06,511.0,560.0,511.0,544.5,56482
352,ok,2020-08-09,555.0,598.0,545.0,577.2,57595
353,ok,2020-08-10,582.0,596.95,525.65,544.3,25099
354,ok,2020-08-11,547.75,548.95,511.2,537.95,31721
355,ok,2020-08-12,550.0,580.0,550.0,552.45,23688
356,ok,2020-08-13,555.0,569.9,535.4,540.6,12024
357,ok,2020-08-16,540.6,569.0,535.85,554.6,29178
358,ok,2020-08-17,554.0,561.95,543.5,546.35,7487
359,ok,2020-08-18,543.05,555.0,540.05,542.9,9330
360,ok,2020-08-19,542.9,555.0,526.3,537.05,18540
361,ok,2020-08-20,541.25,548.0,525.0,529.7,12551
362,ok,2020-08-23,554.7,554.7,528.6,530.7,14748
363,ok,2020-08-24,528.0,535.45,523.9,529.8,17626
364,ok,2020-08-25,549.9,565.0,541.0,559.4,46313
365,ok,2020-08-26,565.0,579.9,561.1,575.45,27603
366,ok,2020-08-27,574.1,584.0,563.75,572.85,18035
367,ok,2020-08-30,574.0,576.85,529.55,553.9,17692
368,ok,2020-08-31,559.9,559.9,532.0,547.7,8497
369,ok,2020-09-01,549.55,573.25,540.1,553.55,15472
370,ok,2020-09-02,565.0,575.0,555.5,571.85,9549
371,ok,2020-09-03,563.0,587.25,549.85,562.0,8542
372,ok,2020-09-06,562.0,570.0,540.2,545.85,6502
373,ok,2020-09-07,554.4,559.15,539.0,543.55,7953
374,ok,2020-09-08,543.55,550.0,525.0,541.0,18619
375,ok,2020-09-09,533.0,580.0,533.0,558.75,19827
376,ok,2020-09-10,543.1,561.95,543.1,555.35,11401
377,ok,2020-09-13,560.5,590.0,560.5,579.3,20199
378,ok,2020-09-14,585.0,590.0,577.0,586.75,12800
379,ok,2020-09-15,588.0,590.0,569.9,580.75,5728
380,ok,2020-09-16,594.0,595.0,575.0,588.8,12295
381,ok,2020-09-17,575.0,598.0,575.0,587.05,10108
382,ok,2020-09-20,575.1,594.9,540.6,570.55,15544
383,ok,2020-09-21,555.0,570.0,530.0,557.75,15486
384,ok,2020-09-22,560.0,574.2,536.0,553.4,5303
385,ok,2020-09-23,549.0,550.0,529.95,541.15,5482
386,ok,2020-09-24,541.15,595.25,541.15,595.25,14748
387,ok,2020-09-27,627.9,654.75,621.0,654.75,49831
388,ok,2020-09-28,656.0,698.0,632.15,652.65,51332
389,ok,2020-09-29,652.1,656.5,635.0,641.7,10436
390,ok,2020-09-30,667.9,684.7,643.0,647.95,13958
391,ok,2020-10-04,645.0,654.45,637.1,639.95,9733
392,ok,2020-10-05,640.0,684.4,637.0,640.45,12557
393,ok,2020-10-06,650.0,655.95,620.0,626.95,12181
394,ok,2020-10-07,636.0,658.9,614.95,619.65,10821
395,ok,2020-10-08,621.9,624.85,601.0,606.0,12424
396,ok,2020-10-11,610.0,624.95,568.0,587.3,15857
397,ok,2020-10-12,593.9,613.75,593.9,605.0,7696
398,ok,2020-10-13,610.0,619.0,590.05,607.4,6522
399,ok,2020-10-14,607.4,619.5,575.9,590.05,7840
400,ok,2020-10-15,609.8,609.8,589.0,602.5,5429
401,ok,2020-10-18,601.05,605.0,582.3,590.15,9464
402,ok,2020-10-19,599.0,602.0,585.95,598.7,4530
403,ok,2020-10-20,599.0,610.0,595.25,600.05,11116
404,ok,2020-10-21,616.9,617.0,572.35,602.0,9119
405,ok,2020-10-22,613.9,643.0,606.3,616.6,16292
406,ok,2020-10-25,617.0,626.7,595.0,601.55,4910
407,ok,2020-10-26,614.95,614.95,591.35,606.6,7024
408,ok,2020-10-27,614.75,614.75,590.0,595.05,6005
409,ok,2020-10-28,596.05,604.0,585.0,587.4,5726
410,ok,2020-10-29,584.0,610.0,580.35,600.5,12623
411,ok,2020-11-01,590.0,595.9,558.15,564.55,25919
412,ok,2020-11-02,568.95,572.35,542.35,550.3,14830
413,ok,2020-11-03,555.0,570.0,537.0,550.65,10578
414,ok,2020-11-04,551.1,564.0,540.0,543.45,11724
415,ok,2020-11-05,545.15,578.0,545.15,565.3,11046
416,ok,2020-11-08,563.0,588.15,563.0,584.15,11397
417,ok,2020-11-09,589.9,592.8,568.0,589.05,9885
418,ok,2020-11-10,592.85,597.65,555.0,568.05,13599
419,ok,2020-11-11,571.0,588.0,571.0,582.0,7333
420,ok,2020-11-12,594.9,615.05,580.7,597.05,15153
421,ok,2020-11-13,624.0,624.0,589.05,600.3,8431
422,ok,2020-11-16,612.0,624.8,600.0,609.4,14286
423,ok,2020-11-17,619.8,625.0,595.25,603.8,11689
424,ok,2020-11-18,603.8,612.2,595.0,597.95,10349
425,ok,2020-11-19,609.0,614.95,591.35,594.35,9781
426,ok,2020-11-22,609.0,614.0,596.1,598.2,7560
427,ok,2020-11-23,599.95,606.75,589.0,591.65,9340
428,ok,2020-11-24,599.9,599.9,581.0,589.0,13866
429,ok,2020-11-25,595.0,604.0,584.05,600.8,9931
430,ok,2020-11-26,598.95,626.9,598.95,622.9,19511
431,ok,2020-11-30,629.0,650.0,596.0,621.55,45782
432,ok,2020-12-01,625.0,635.9,608.0,610.4,14061
433,ok,2020-12-02,627.0,627.0,609.1,619.65,19037
434,ok,2020-12-03,624.0,630.0,613.05,623.45,15864
435,ok,2020-12-06,635.0,655.0,610.35,645.1,28428
436,ok,2020-12-07,646.0,665.0,623.0,627.9,28219
437,ok,2020-12-08,649.0,665.0,633.8,655.15,19032
438,ok,2020-12-09,655.15,715.0,643.1,698.25,78287
439,ok,2020-12-10,709.45,819.7,705.0,792.2,137891
440,ok,2020-12-13,795.0,839.2,753.55,824.0,94187
441,ok,2020-12-14,825.0,825.0,782.35,793.35,33623
442,ok,2020-12-15,783.6,802.0,762.0,771.5,25411
443,ok,2020-12-16,762.0,787.0,742.0,748.1,21721
444,ok,2020-12-17,774.0,774.0,728.5,731.45,15347
445,ok,2020-12-20,747.0,747.0,669.6,679.45,32472
446,ok,2020-12-21,645.5,709.95,645.5,702.8,26546
447,ok,2020-12-22,697.0,768.0,697.0,725.15,34095
448,ok,2020-12-23,725.0,745.0,700.0,724.2,22011
449,ok,2020-12-27,726.55,745.2,720.05,726.8,15165
450,ok,2020-12-28,730.0,730.0,712.5,717.95,10661
451,ok,2020-12-29,727.0,727.0,705.65,715.3,9173
452,ok,2020-12-30,723.9,751.0,706.45,742.35,25371
453,ok,2020-12-31,740.0,740.05,718.3,721.95,11091
454,ok,2021-01-03,721.0,734.9,713.0,721.9,12734
455,ok,2021-01-04,728.0,733.0,715.0,717.85,13800
456,ok,2021-01-05,717.9,722.9,708.25,711.7,13971
457,ok,2021-01-06,720.0,824.0,715.5,759.05,88252
458,ok,2021-01-07,770.0,770.95,717.6,725.1,24508
459,ok,2021-01-10,734.55,739.95,715.0,728.2,28183
460,ok,2021-01-11,720.05,750.0,720.05,735.25,21682
461,ok,2021-01-12,734.55,740.6,721.2,725.25,15170
462,ok,2021-01-13,723.5,735.0,716.95,727.65,14960
463,ok,2021-01-14,738.0,740.0,718.95,726.1,12672
464,ok,2021-01-17,718.1,780.0,707.2,762.95,71409
465,ok,2021-01-18,770.0,777.95,736.0,741.9,38850
466,ok,2021-01-19,741.9,753.0,716.0,728.45,18544
467,ok,2021-01-20,723.2,753.0,723.2,740.7,23894
468,ok,2021-01-21,733.3,735.25,714.5,720.85,15235
469,ok,2021-01-24,730.0,730.0,702.25,707.3,7931
470,ok,2021-01-26,700.0,713.6,691.0,697.65,17031
471,ok,2021-01-27,695.0,729.25,688.65,721.5,19085
472,ok,2021-01-28,725.0,728.0,702.35,708.85,11700
473,ok,2021-01-31,667.0,668.8,570.4,595.15,311432
474,ok,2021-02-01,613.85,631.0,603.1,615.45,42538
475,ok,2021-02-02,624.9,624.9,595.0,596.7,69247
476,ok,2021-02-03,601.0,614.0,595.1,604.15,31299
477,ok,2021-02-04,608.4,608.4,591.55,593.5,22778
478,ok,2021-02-07,608.0,648.4,590.0,628.4,78083
479,ok,2021-02-08,632.0,641.2,625.0,629.7,21596
480,ok,2021-02-09,626.65,655.0,607.25,615.95,95761
481,ok,2021-02-10,638.0,677.95,634.15,658.1,100533
482,ok,2021-02-11,675.0,675.0,641.25,648.85,31376
483,ok,2021-02-14,660.0,660.0,637.25,643.5,25660
484,ok,2021-02-15,657.0,657.0,632.55,637.05,16152
485,ok,2021-02-16,644.0,647.0,620.0,642.8,30177
486,ok,2021-02-17,648.0,648.0,625.0,629.05,15139
487,ok,2021-02-18,629.9,639.0,620.0,624.25,19257
488,ok,2021-02-21,624.25,634.0,605.0,611.25,17072
489,ok,2021-02-22,611.25,628.9,605.3,610.6,26730
490,ok,2021-02-23,608.5,710.0,608.5,648.1,363607
491,ok,2021-02-24,658.0,663.0,630.0,650.3,49379
492,ok,2021-02-25,630.0,655.0,629.0,650.8,46013
493,ok,2021-02-28,650.8,654.85,637.4,639.65,56192
494,ok,2021-03-01,640.0,653.65,638.05,651.05,99310
495,ok,2021-03-02,654.0,659.7,638.1,646.75,80493
496,ok,2021-03-03,646.0,653.9,638.25,649.1,40297
497,ok,2021-03-04,650.0,650.0,640.1,642.15,101061
498,ok,2021-03-07,645.0,649.2,637.85,638.85,39193
499,ok,2021-03-08,640.0,646.35,635.05,640.2,28866
500,ok,2021-03-09,645.0,647.0,630.55,641.25,85426
501,ok,2021-03-11,649.0,649.8,630.0,633.45,28852
502,ok,2021-03-14,632.0,638.0,626.75,631.5,18778
503,ok,2021-03-15,631.5,636.0,622.4,630.65,20966
504,ok,2021-03-16,632.0,639.9,610.65,618.5,11277
505,ok,2021-03-17,630.0,630.0,595.55,599.85,13367
506,ok,2021-03-18,600.0,600.0,548.0,576.95,47483
507,ok,2021-03-21,580.0,595.05,575.0,588.6,44241
508,ok,2021-03-22,589.0,604.95,578.0,588.4,19017
509,ok,2021-03-23,597.0,599.0,583.0,589.45,60207
510,ok,2021-03-24,588.65,593.75,572.95,582.05,51667
511,ok,2021-03-25,585.1,598.0,569.0,571.85,15424
512,ok,2021-03-29,580.0,585.15,556.15,570.3,37439
513,ok,2021-03-30,565.05,571.0,556.65,570.25,38743
514,ok,2021-03-31,585.0,609.0,573.0,583.65,32645
515,ok,2021-04-04,575.05,594.0,555.0,567.9,15930
516,ok,2021-04-05,575.0,583.9,562.3,563.9,14061
517,ok,2021-04-06,572.0,596.9,552.65,590.7,47214
518,ok,2021-04-07,590.7,612.0,577.2,586.8,29431
519,ok,2021-04-08,581.0,605.0,572.95,592.65,25189
520,ok,2021-04-11,585.1,585.1,552.95,558.55,21547
521,ok,2021-04-12,560.0,572.8,555.55,564.55,14431
522,ok,2021-04-14,552.4,571.7,552.4,565.2,5392
523,ok,2021-04-15,566.25,598.85,564.65,580.45,21368
524,ok,2021-04-18,566.1,574.55,551.4,562.35,32916
525,ok,2021-04-19,562.35,579.7,559.6,563.85,70716
526,ok,2021-04-21,562.0,564.0,555.0,559.65,21440
527,ok,2021-04-22,567.5,598.7,557.75,573.65,44327
528,ok,2021-04-25,575.2,597.7,575.2,593.5,40082
529,ok,2021-04-26,595.0,609.0,578.0,588.9,26996
530,ok,2021-04-27,597.8,624.9,590.0,602.25,70129
531,ok,2021-04-28,608.95,613.75,583.0,586.15,19035
532,ok,2021-04-29,575.05,599.0,573.35,577.45,22223
533,ok,2021-05-02,575.0,592.0,563.05,589.35,19224
534,ok,2021-05-03,582.15,592.75,565.0,576.2,33363
535,ok,2021-05-04,580.25,589.0,570.65,582.1,23320
536,ok,2021-05-05,588.0,605.75,574.6,583.0,44481
537,ok,2021-05-06,587.0,591.5,568.1,572.95,46258
538,ok,2021-05-09,579.0,601.0,576.0,588.1,38521
539,ok,2021-05-10,590.0,607.0,585.7,601.9,52383
540,ok,2021-05-11,609.6,649.95,605.05,638.6,156886
541,ok,2021-05-13,648.0,715.0,633.0,673.5,672001
542,ok,2021-05-16,688.0,696.0,642.9,663.8,112924
543,ok,2021-05-17,669.0,675.0,641.8,648.9,77508
544,ok,2021-05-18,652.0,655.0,636.25,644.5,51081
545,ok,2021-05-19,651.0,651.0,635.55,639.85,63942
546,ok,2021-05-20,646.0,665.85,643.0,651.95,70484
547,ok,2021-05-23,659.7,684.0,640.85,676.45,160095
548,ok,2021-05-24,681.1,774.0,672.75,731.0,499878
549,ok,2021-05-25,737.3,793.8,733.0,771.15,219427
550,ok,2021-05-26,777.0,812.0,731.3,755.3,149100
551,ok,2021-05-27,759.7,782.0,726.95,739.0,86478
552,ok,2021-05-30,750.0,813.0,750.0,793.25,216401
553,ok,2021-05-31,798.0,845.0,786.55,838.0,229670
554,ok,2021-06-01,845.0,907.0,829.75,888.25,618632
555,ok,2021-06-02,950.0,974.0,916.0,924.2,593446
556,ok,2021-06-03,925.0,939.0,882.9,892.2,161844
557,ok,2021-06-06,909.9,931.9,870.35,898.4,104233
558,ok,2021-06-07,902.0,910.0,885.0,895.5,67886
559,ok,2021-06-08,896.0,905.0,878.1,882.85,51115
560,ok,2021-06-09,882.0,910.0,882.0,900.7,50665
561,ok,2021-06-10,910.0,910.0,882.1,888.7,33267
562,ok,2021-06-13,909.0,909.0,877.0,881.25,44018
563,ok,2021-06-14,884.0,900.0,878.1,888.9,32617
564,ok,2021-06-15,884.0,895.0,864.55,871.7,42878
565,ok,2021-06-16,868.0,881.9,860.9,871.85,19373
566,ok,2021-06-17,877.05,882.0,810.15,850.05,46326
567,ok,2021-06-20,834.0,884.0,830.15,871.6,33838
568,ok,2021-06-21,870.0,885.0,856.05,862.9,20595
569,ok,2021-06-22,860.05,909.0,858.0,889.8,68858
570,ok,2021-06-23,898.0,900.0,864.05,868.0,30893
571,ok,2021-06-24,873.0,876.0,850.0,870.45,23273
572,ok,2021-06-27,888.0,895.0,868.05,878.1,38682
573,ok,2021-06-28,879.0,900.05,872.8,883.9,44104
574,ok,2021-06-29,892.5,893.05,860.0,865.0,56637
575,ok,2021-06-30,870.0,879.9,859.85,866.45,16210
576,ok,2021-07-01,869.7,877.1,851.35,868.55,28376
577,ok,2021-07-04,874.9,926.25,861.8,910.7,128952
578,ok,2021-07-05,915.0,920.0,877.0,881.7,39343
579,ok,2021-07-06,877.0,898.0,875.15,885.6,15086
580,ok,2021-07-07,886.0,895.4,869.0,870.6,22922
581,ok,2021-07-08,895.0,895.0,865.1,867.35,31918
582,ok,2021-07-11,878.65,898.0,870.85,884.05,35368
583,ok,2021-07-12,889.7,889.7,875.0,876.75,24855
584,ok,2021-07-13,879.7,894.8,875.0,883.15,31417
585,ok,2021-07-14,885.0,895.0,871.05,889.35,40283
586,ok,2021-07-15,900.0,984.8,886.45,970.95,417196
587,ok,2021-07-18,972.7,1032.7,970.0,995.95,316570
588,ok,2021-07-19,1006.95,1025.0,977.6,989.5,126182
589,ok,2021-07-21,999.0,1021.0,985.0,1002.05,68372
590,ok,2021-07-22,1007.95,1019.9,961.6,969.15,66505
591,ok,2021-07-25,970.0,982.95,952.15,961.4,72917
592,ok,2021-07-26,967.85,985.0,926.0,931.85,135601
593,ok,2021-07-27,931.0,1067.0,925.0,1043.0,511519
594,ok,2021-07-28,1059.95,1074.8,1022.0,1039.6,112515
595,ok,2021-07-29,1039.0,1076.0,1021.6,1027.75,92839
596,ok,2021-08-01,1039.7,1049.75,1021.65,1036.05,42343
597,ok,2021-08-02,1044.0,1070.0,1023.0,1043.0,50270
598,ok,2021-08-03,1044.0,1057.0,988.0,1000.6,51153
599,ok,2021-08-04,1007.8,1027.0,972.35,1010.35,53620
600,ok,2021-08-05,1018.0,1023.0,1000.0,1006.9,20142
601,ok,2021-08-08,1008.0,1014.75,980.0,991.2,35115
602,ok,2021-08-09,1007.0,1007.0,921.15,958.7,56283
603,ok,2021-08-10,950.0,980.0,890.0,962.45,74816
604,ok,2021-08-11,982.95,1040.0,965.0,1027.8,65885
605,ok,2021-08-12,1040.0,1045.9,995.0,1000.3,34307
606,ok,2021-08-15,983.0,1030.0,975.05,1004.55,28148
607,ok,2021-08-16,995.1,1037.7,981.0,1013.4,48240
608,ok,2021-08-17,1015.0,1034.95,994.4,1005.35,25665
609,ok,2021-08-19,1000.0,1000.0,955.0,964.35,35567
610,ok,2021-08-22,964.35,980.85,923.0,934.45,34584
611,ok,2021-08-23,935.0,964.95,920.05,942.8,30191
612,ok,2021-08-24,945.0,976.6,945.0,963.4,19508
613,ok,2021-08-25,969.95,981.05,944.6,951.2,24923
614,ok,2021-08-26,943.0,965.0,942.35,948.25,23070
615,ok,2021-08-29,952.25,988.0,952.25,973.15,24677
616,ok,2021-08-30,974.95,1016.8,965.0,1011.45,51877
617,ok,2021-08-31,1013.0,1015.05,985.0,990.2,12670
618,ok,2021-09-01,982.0,1010.0,978.7,999.3,15214
619,ok,2021-09-02,1003.95,1021.45,994.95,1003.35,18322
620,ok,2021-09-05,1005.0,1031.5,981.05,1000.8,24216
621,ok,2021-09-06,1000.0,1024.7,995.0,1006.2,14985
622,ok,2021-09-07,1015.0,1020.0,996.2,1008.0,22683
623,ok,2021-09-08,1000.05,1084.0,1000.05,1051.6,80115
624,ok,2021-09-12,1058.9,1110.6,1034.65,1072.0,76984
625,ok,2021-09-13,1083.8,1108.3,1036.9,1092.4,40658
626,ok,2021-09-14,1105.0,1111.95,1068.0,1098.65,48214
627,ok,2021-09-15,1082.0,1110.0,1068.0,1074.35,28976
628,ok,2021-09-16,1093.0,1093.0,1028.35,1051.35,36650
629,ok,2021-09-19,1039.0,1049.95,906.8,964.25,91589
630,ok,2021-09-20,964.25,984.95,927.2,970.25,37836
631,ok,2021-09-21,970.0,1013.6,970.0,983.5,18744
632,ok,2021-09-22,998.7,1006.15,977.15,984.65,19306
633,ok,2021-09-23,985.0,994.8,954.0,965.05,18023
634,ok,2021-09-26,969.0,983.65,929.1,960.15,52620
635,ok,2021-09-27,954.15,968.0,932.0,953.45,17610
636,ok,2021-09-28,950.0,954.0,933.0,948.1,16800
637,ok,2021-09-29,955.0,966.3,945.0,958.65,16313
638,ok,2021-09-30,950.0,959.0,940.65,946.0,13502
639,ok,2021-10-03,955.1,974.9,945.0,969.75,20001
640,ok,2021-10-04,970.0,990.0,954.8,976.4,20558
641,ok,2021-10-05,976.4,979.0,956.0,963.05,11228
642,ok,2021-10-06,966.55,990.25,961.55,980.75,19321
643,ok,2021-10-07,990.0,1004.9,972.1,979.1,26240
644,ok,2021-10-10,979.1,1000.2,964.1,967.65,32207
645,ok,2021-10-11,975.0,984.15,950.35,961.4,18242
646,ok,2021-10-12,961.4,980.1,954.0,964.6,23724
647,ok,2021-10-13,974.0,999.85,950.0,976.45,23222
648,ok,2021-10-17,976.45,985.0,956.25,959.9,12096
649,ok,2021-10-18,962.0,989.8,954.2,971.9,29449
650,ok,2021-10-19,962.0,974.45,926.0,946.65,23889
651,ok,2021-10-20,933.2,969.05,925.5,933.5,20935
652,ok,2021-10-21,945.0,948.0,920.25,932.5,12045
653,ok,2021-10-24,944.0,944.8,901.15,929.95,23430
654,ok,2021-10-25,930.0,974.0,923.25,954.4,17179
655,ok,2021-10-26,979.0,1110.0,945.25,1037.35,310002
656,ok,2021-10-27,1045.35,1065.0,991.05,1007.6,57045
657,ok,2021-10-28,1014.0,1036.9,965.0,1011.7,50856
658,ok,2021-10-31,1002.0,1073.85,1002.0,1064.15,41614
659,ok,2021-11-01,1068.95,1071.0,1037.0,1040.5,14636
660,ok,2021-11-02,1048.0,1075.05,1041.75,1057.35,21960
661,ok,2021-11-03,1067.7,1072.15,1042.0,1052.8,4042
662,ok,2021-11-07,1053.9,1160.65,1053.9,1102.75,128537
663,ok,2021-11-08,1103.0,1118.4,1055.0,1065.85,37839
664,ok,2021-11-09,1048.0,1064.0,1039.0,1044.0,22149
665,ok,2021-11-10,1045.0,1061.75,1038.85,1048.6,12741
666,ok,2021-11-11,1053.7,1056.65,1030.0,1039.75,12583
667,ok,2021-11-14,1032.25,1062.85,1022.0,1053.75,20337
668,ok,2021-11-15,1048.25,1114.95,1043.75,1082.9,39587
669,ok,2021-11-16,1092.0,1092.0,1050.0,1065.4,20534
670,ok,2021-11-17,1056.0,1084.8,992.35,1013.55,33560
671,ok,2021-11-21,1024.7,1025.0,980.35,990.5,20619
672,ok,2021-11-22,981.15,1028.35,981.15,1013.45,11394
673,ok,2021-11-23,1018.0,1023.55,1005.0,1015.0,14042
674,ok,2021-11-24,1018.55,1048.05,1013.0,1025.6,14406
675,ok,2021-11-25,1020.0,1023.0,960.05,969.85,20129
676,ok,2021-11-28,981.0,981.0,923.85,942.8,25588
677,ok,2021-11-29,945.0,1002.8,942.8,983.35,27740
678,ok,2021-11-30,993.0,1010.4,963.0,987.35,19031
679,ok,2021-12-01,990.05,1020.7,986.35,1010.8,13348
680,ok,2021-12-02,1019.25,1025.0,997.65,1000.15,12012
681,ok,2021-12-05,1009.95,1009.95,975.0,982.25,19559
682,ok,2021-12-06,985.0,1060.0,980.2,988.4,5830
683,ok,2021-12-07,998.0,1015.0,978.0,1000.4,7699
684,ok,2021-12-08,1001.0,1050.05,989.15,1016.45,15716
685,ok,2021-12-09,1026.45,1049.0,1006.55,1017.9,9793
686,ok,2021-12-12,1020.0,1071.0,1011.0,1048.65,23877
687,ok,2021-12-13,1043.0,1053.05,1026.0,1035.5,9295
688,ok,2021-12-14,1050.0,1103.55,1030.45,1083.7,54943
689,ok,2021-12-15,1095.0,1097.45,1050.0,1079.1,21693
690,ok,2021-12-16,1089.1,1089.1,1027.1,1036.3,12628
691,ok,2021-12-19,1026.3,1032.35,983.15,1008.4,21890
692,ok,2021-12-20,1010.0,1040.75,1003.1,1013.05,17325
693,ok,2021-12-21,1023.0,1036.15,1014.7,1025.0,6232
694,ok,2021-12-22,1024.95,1038.1,1013.2,1018.1,24652
695,ok,2021-12-23,1015.0,1026.4,1005.1,1012.8,16395
696,ok,2021-12-26,1032.0,1032.0,1005.0,1009.95,6473
697,ok,2021-12-27,1009.95,1034.9,975.1,1014.95,21945
698,ok,2021-12-28,1017.05,1047.65,1009.0,1024.1,49454
699,ok,2021-12-29,1029.9,1060.0,1005.0,1010.6,26071
700,ok,2021-12-30,1001.0,1025.8,1001.0,1013.5,12525
701,ok,2022-01-02,1014.0,1028.8,1013.15,1018.85,7561
702,ok,2022-01-03,1016.3,1035.0,996.0,1000.55,18586
703,ok,2022-01-04,1000.55,1029.9,1000.0,1017.55,13765
704,ok,2022-01-05,1007.0,1026.0,1001.0,1015.25,8503
705,ok,2022-01-06,1015.1,1045.4,1015.1,1034.65,19329
706,ok,2022-01-09,1044.0,1065.0,1027.05,1040.1,28688
707,ok,2022-01-10,1045.0,1072.0,1040.05,1049.6,22950
708,ok,2022-01-11,1056.0,1076.3,1039.1,1046.0,19361
709,ok,2022-01-12,1060.0,1228.75,1046.6,1203.1,296928
710,ok,2022-01-13,1200.0,1200.0,1150.15,1166.1,86085
711,ok,2022-01-16,1189.9,1236.95,1166.0,1187.9,89274
712,ok,2022-01-17,1195.0,1199.85,982.0,991.3,334364
713,ok,2022-01-18,990.0,1014.85,975.0,978.6,79371
714,ok,2022-01-19,983.0,998.45,979.5,984.7,30393
715,ok,2022-01-20,980.0,985.0,950.0,953.55,30530
716,ok,2022-01-23,960.0,960.0,913.2,929.0,35585
717,ok,2022-01-24,910.05,940.0,910.05,920.0,28017
718,ok,2022-01-26,918.0,937.75,910.1,919.0,20118
719,ok,2022-01-27,914.4,953.0,901.0,911.0,19610
720,ok,2022-01-30,929.0,929.0,915.0,919.65,8104
721,ok,2022-01-31,924.1,977.0,920.2,926.8,73470
722,ok,2022-02-01,931.0,963.85,931.0,944.1,34159
723,ok,2022-02-02,946.0,952.0,931.0,934.45,9335
724,ok,2022-02-03,944.0,944.0,922.05,924.95,7304
725,ok,2022-02-06,937.0,938.0,904.0,926.8,29457
726,ok,2022-02-07,938.0,938.0,892.35,914.9,19146
727,ok,2022-02-08,904.2,928.15,904.0,913.3,16072
728,ok,2022-02-09,925.0,925.0,907.4,914.8,6656
729,ok,2022-02-10,916.0,916.0,889.95,899.2,17852
730,ok,2022-02-13,875.05,887.7,831.65,835.6,32184
731,ok,2022-02-14,836.2,867.6,835.6,846.55,15017
732,ok,2022-02-15,867.6,898.0,858.95,883.95,27140
733,ok,2022-02-16,892.0,898.75,850.05,856.2,12346
734,ok,2022-02-17,864.05,872.0,858.0,861.65,6768
735,ok,2022-02-20,840.05,859.0,823.2,832.9,15844
736,ok,2022-02-21,810.0,828.0,800.0,817.45,23414
737,ok,2022-02-22,840.0,846.4,823.7,831.5,9123
738,ok,2022-02-23,801.0,812.3,761.0,777.4,39126
739,ok,2022-02-24,777.4,828.9,777.4,813.05,16229
740,ok,2022-02-27,803.0,858.0,773.25,846.8,26764
741,ok,2022-03-01,830.0,843.85,822.05,828.05,9347
742,ok,2022-03-02,838.0,844.8,815.05,830.95,9128
743,ok,2022-03-03,815.0,831.55,800.4,818.05,9294
744,ok,2022-03-06,800.0,804.0,761.0,775.2,37361
745,ok,2022-03-07,785.0,800.0,778.7,790.9,10193
746,ok,2022-03-08,800.0,807.8,793.5,801.15,11193
747,ok,2022-03-09,811.0,839.0,811.0,832.05,11115
748,ok,2022-03-10,825.5,832.45,813.55,821.15,14024
749,ok,2022-03-13,822.0,837.95,809.8,825.25,13936
750,ok,2022-03-14,826.0,896.0,820.3,850.45,111133
751,ok,2022-03-15,860.0,876.0,840.05,846.95,15380
752,ok,2022-03-16,869.95,869.95,848.75,852.0,11804
753,ok,2022-03-20,852.0,859.6,840.35,855.25,14220
754,ok,2022-03-21,845.0,873.45,830.75,841.7,13358
755,ok,2022-03-22,851.0,860.0,836.15,839.95,8043
756,ok,2022-03-23,850.0,850.0,839.0,839.35,5291
757,ok,2022-03-24,853.0,854.0,824.0,833.4,8010
758,ok,2022-03-27,847.0,847.0,802.0,808.65,13612
759,ok,2022-03-28,820.0,828.0,787.0,790.1,20245
760,ok,2022-03-29,795.05,811.2,791.0,796.1,12531
761,ok,2022-03-30,807.75,807.75,785.0,794.35,19883
762,ok,2022-03-31,804.7,834.0,802.95,824.7,13196
763,ok,2022-04-03,840.0,880.0,837.1,874.0,49478
764,ok,2022-04-04,870.0,883.7,861.0,879.85,11011
765,ok,2022-04-05,878.0,886.95,868.0,874.95,10701
766,ok,2022-04-06,875.0,900.0,865.0,892.3,26549
767,ok,2022-04-07,905.0,910.95,878.5,892.4,11174
768,ok,2022-04-10,889.9,903.85,871.5,891.85,15071
769,ok,2022-04-11,891.85,935.95,880.0,921.1,44958
770,ok,2022-04-12,929.7,936.0,910.0,912.4,10547
771,ok,2022-04-17,915.0,943.8,894.95,919.4,23395
772,ok,2022-04-18,918.45,941.2,878.15,890.9,23518
773,ok,2022-04-19,909.0,909.0,865.6,888.45,20602
774,ok,2022-04-20,892.1,905.0,885.0,890.55,4399
775,ok,2022-04-21,890.0,914.0,887.05,904.55,30543
776,ok,2022-04-24,910.0,917.0,878.9,888.05,25294
777,ok,2022-04-25,896.8,913.0,866.0,871.55,19567
778,ok,2022-04-26,871.55,882.15,865.0,872.5,6202
779,ok,2022-04-27,874.0,883.0,862.5,869.65,7889
780,ok,2022-04-28,870.0,874.15,855.95,860.1,5700
781,ok,2022-05-01,850.0,868.0,840.85,845.15,8073
782,ok,2022-05-03,850.0,858.7,812.85,827.05,10207
783,ok,2022-05-04,830.0,839.3,816.0,825.35,4377
784,ok,2022-05-05,819.0,845.0,805.05,822.4,10417
785,ok,2022-05-08,820.0,822.55,800.1,805.55,9601
786,ok,2022-05-09,813.55,818.0,772.0,779.15,10088
787,ok,2022-05-10,770.0,800.0,740.0,782.85,22541
788,ok,2022-05-11,770.0,815.0,741.0,794.7,17422
789,ok,2022-05-12,801.0,808.35,785.0,798.35,8911
790,ok,2022-05-15,802.0,838.25,784.0,811.75,10308
791,ok,2022-05-16,819.0,824.0,799.0,809.0,13204
792,ok,2022-05-17,825.0,879.65,801.15,809.05,35735
793,ok,2022-05-18,804.0,823.45,788.75,801.55,8387
794,ok,2022-05-19,813.0,821.95,797.0,800.9,11136
795,ok,2022-05-22,808.85,819.05,780.05,783.0,10314
796,ok,2022-05-23,789.95,793.0,775.0,776.6,5893
797,ok,2022-05-24,782.7,782.7,731.0,741.4,9057
798,ok,2022-05-25,748.0,748.0,718.0,724.5,10248
799,ok,2022-05-26,730.0,756.2,730.0,740.1,9055
800,ok,2022-05-29,745.0,778.35,745.0,753.2,11090
801,ok,2022-05-30,753.0,775.05,740.0,768.3,16286
802,ok,2022-05-31,756.0,775.95,743.0,746.9,18202
803,ok,2022-06-01,753.8,753.8,732.2,739.75,10471
804,ok,2022-06-02,758.65,769.0,715.55,730.0,21272
805,ok,2022-06-05,730.0,739.4,719.5,728.8,5027
806,ok,2022-06-06,728.75,739.0,720.05,722.45,12927
807,ok,2022-06-07,728.8,729.6,699.0,699.7,21304
808,ok,2022-06-08,706.0,706.0,668.0,671.55,40777
809,ok,2022-06-09,668.65,677.7,654.0,662.6,72018
810,ok,2022-06-12,658.0,658.0,618.8,620.35,49849
811,ok,2022-06-13,622.0,649.65,615.9,632.4,25386
812,ok,2022-06-14,638.65,660.05,627.7,652.9,10517
813,ok,2022-06-15,657.0,674.45,637.0,655.6,16401
814,ok,2022-06-16,657.0,669.85,646.0,665.2,12200
815,ok,2022-06-19,651.0,672.95,624.05,637.2,21851
816,ok,2022-06-20,660.0,674.0,625.25,665.5,10845
817,ok,2022-06-21,672.0,681.9,660.05,668.8,14819
818,ok,2022-06-22,678.0,686.35,669.45,683.75,7619
819,ok,2022-06-23,686.0,691.95,675.0,683.0,4876
820,ok,2022-06-26,697.0,697.45,683.0,690.75,8688
821,ok,2022-06-27,696.0,727.0,682.55,722.25,13300
822,ok,2022-06-28,719.95,740.4,710.05,734.15,16928
823,ok,2022-06-29,737.0,761.2,725.05,747.4,20417
824,ok,2022-06-30,753.0,763.2,720.35,759.0,17205
825,ok,2022-07-03,759.0,774.9,746.85,771.8,16713
826,ok,2022-07-04,771.8,780.25,749.45,760.95,26128
827,ok,2022-07-05,768.55,770.0,733.15,763.8,16594
828,ok,2022-07-06,748.1,781.0,748.1,777.6,13586
829,ok,2022-07-07,770.0,795.0,770.0,788.15,10881
830,ok,2022-07-10,798.0,802.05,765.5,774.45,14563
831,ok,2022-07-11,777.0,787.1,763.15,769.45,9544
832,ok,2022-07-12,769.95,779.6,749.45,767.65,15482
833,ok,2022-07-13,767.8,777.0,751.65,757.25,5304
834,ok,2022-07-14,757.15,815.0,757.15,807.0,26164
835,ok,2022-07-17,824.0,840.0,815.1,835.8,23472
836,ok,2022-07-18,832.0,843.05,822.0,828.6,7911
837,ok,2022-07-19,830.0,841.1,821.7,837.45,7311
838,ok,2022-07-20,845.7,853.0,831.5,848.4,7869
839,ok,2022-07-21,846.0,873.0,846.0,855.3,19772
840,ok,2022-07-24,855.3,884.45,827.0,877.9,22012
841,ok,2022-07-25,870.0,880.0,853.35,859.75,10087
842,ok,2022-07-26,879.0,879.0,842.0,853.55,13016
843,ok,2022-07-27,860.0,870.0,842.0,845.75,8589
844,ok,2022-07-28,854.15,873.9,840.0,868.45,19936
845,ok,2022-07-31,860.0,874.45,857.0,859.4,7475
846,ok,2022-08-01,857.0,857.3,843.35,847.0,4129
847,ok,2022-08-02,854.9,855.0,838.5,847.4,4069
848,ok,2022-08-03,848.8,853.45,814.95,835.7,9880
849,ok,2022-08-04,821.0,860.35,821.0,850.6,9758
850,ok,2022-08-07,859.05,864.9,847.1,854.8,10053
851,ok,2022-08-09,802.8,837.1,798.1,809.95,47187
852,ok,2022-08-10,829.0,829.0,802.6,817.8,10447
853,ok,2022-08-11,821.8,857.8,819.85,838.7,20372
854,ok,2022-08-15,847.05,847.05,821.0,823.1,7961
855,ok,2022-08-16,825.0,835.0,810.05,822.05,7118
856,ok,2022-08-17,816.0,832.05,816.0,822.1,5299
857,ok,2022-08-18,820.0,877.4,818.2,860.3,24131
858,ok,2022-08-21,860.3,874.7,833.6,863.45,15898
859,ok,2022-08-22,855.0,877.3,839.0,851.85,10890
860,ok,2022-08-23,844.95,874.8,844.95,864.75,8115
861,ok,2022-08-24,869.0,915.0,869.0,893.0,28308
862,ok,2022-08-25,908.95,911.0,875.25,880.85,11567
863,ok,2022-08-28,865.0,935.0,836.0,924.0,27240
864,ok,2022-08-29,930.0,965.0,913.0,942.6,47377
865,ok,2022-08-31,937.0,943.05,912.1,919.1,16828
866,ok,2022-09-01,925.0,942.45,884.05,891.7,21536
867,ok,2022-09-04,905.0,909.95,880.05,882.4,10231
868,ok,2022-09-05,889.85,899.95,869.9,871.9,7721
869,ok,2022-09-06,878.0,910.0,860.95,888.7,12387
870,ok,2022-09-07,909.95,920.0,895.05,910.15,61927
871,ok,2022-09-08,930.6,954.9,915.45,940.8,32004
872,ok,2022-09-11,937.25,1008.95,914.5,984.7,91353
873,ok,2022-09-12,998.7,1028.95,985.5,995.65,59494
874,ok,2022-09-13,980.0,993.5,968.2,975.5,19453
875,ok,2022-09-14,971.05,992.2,956.9,983.8,23507
876,ok,2022-09-15,976.05,987.0,942.4,949.2,26195
877,ok,2022-09-18,950.0,956.35,926.1,932.8,9873
878,ok,2022-09-19,942.05,948.95,912.6,925.85,20802
879,ok,2022-09-20,935.05,939.0,911.15,917.75,11486
880,ok,2022-09-21,907.0,978.0,907.0,919.2,23148
881,ok,2022-09-22,920.2,927.85,904.0,906.4,7065
882,ok,2022-09-25,877.0,890.8,828.0,840.2,26399
883,ok,2022-09-26,856.95,878.0,834.7,842.2,6427
884,ok,2022-09-27,844.65,850.75,798.6,810.45,19307
885,ok,2022-09-28,816.0,853.0,804.1,817.85,22152
886,ok,2022-09-29,825.95,845.0,810.0,826.25,6718
887,ok,2022-10-02,822.0,875.0,816.3,850.4,11931
888,ok,2022-10-03,861.0,879.9,839.0,853.3,9646
889,ok,2022-10-05,860.4,903.0,860.4,883.65,15805
890,ok,2022-10-06,875.0,900.0,875.0,896.4,6734
891,ok,2022-10-09,887.0,910.0,865.0,890.15,5214
892,ok,2022-10-10,907.0,907.0,861.0,867.15,3872
893,ok,2022-10-11,867.15,887.95,862.25,878.95,6874
894,ok,2022-10-12,880.0,908.0,865.0,896.5,4364
895,ok,2022-10-13,897.1,908.65,860.1,866.6,14101
896,ok,2022-10-16,880.0,883.8,842.4,853.65,30079
897,ok,2022-10-17,879.9,882.65,851.25,857.0,57729
898,ok,2022-10-18,865.5,875.0,841.0,862.15,24962
899,ok,2022-10-19,854.0,860.45,845.0,849.85,8915
900,ok,2022-10-20,850.0,863.85,844.0,850.6,9354
901,ok,2022-10-23,852.0,864.7,848.3,851.3,2408
902,ok,2022-10-24,859.75,860.95,840.05,842.4,5418
903,ok,2022-10-26,865.0,865.0,835.0,839.15,6314
904,ok,2022-10-27,847.45,847.45,837.3,840.0,3901
905,ok,2022-10-30,850.0,856.65,835.65,844.55,9132
906,ok,2022-10-31,845.05,848.9,835.0,842.25,8284
907,ok,2022-11-01,840.0,850.0,840.0,846.05,3183
908,ok,2022-11-02,842.05,887.9,842.05,849.9,7729
909,ok,2022-11-03,850.65,855.95,841.1,845.25,5406
910,ok,2022-11-06,853.65,860.75,843.05,849.0,4468
911,ok,2022-11-08,849.0,856.4,839.95,850.45,6680
912,ok,2022-11-09,858.0,880.0,845.65,870.7,12113
913,ok,2022-11-10,869.9,892.05,860.05,875.55,14418
914,ok,2022-11-13,875.55,884.2,850.0,874.1,14134
915,ok,2022-11-14,877.9,897.45,867.1,885.65,9513
916,ok,2022-11-15,890.0,944.7,875.2,930.0,53459
917,ok,2022-11-16,925.0,950.0,915.05,939.45,29673
918,ok,2022-11-17,945.0,947.95,902.0,906.35,10873
919,ok,2022-11-20,924.0,924.0,861.8,863.95,37023
920,ok,2022-11-21,872.55,884.0,858.0,865.05,9403
921,ok,2022-11-22,878.0,880.35,860.85,868.1,5358
922,ok,2022-11-23,876.7,876.7,850.0,855.75,9501
923,ok,2022-11-24,865.0,879.15,852.05,870.7,8802
924,ok,2022-11-27,870.7,881.95,859.8,874.15,7036
925,ok,2022-11-28,865.4,924.95,865.0,893.5,29404
926,ok,2022-11-29,894.75,910.0,884.7,895.8,6095
927,ok,2022-11-30,904.75,909.0,880.05,891.8,20798
928,ok,2022-12-01,898.25,904.0,871.6,880.45,25414
929,ok,2022-12-04,875.05,892.45,869.1,876.7,6496
930,ok,2022-12-05,887.95,897.65,878.55,889.35,9391
931,ok,2022-12-06,890.0,895.75,881.0,883.5,3017
932,ok,2022-12-07,890.0,894.95,884.1,889.4,3255
933,ok,2022-12-08,885.0,894.85,865.05,868.55,6839
934,ok,2022-12-11,868.0,873.85,859.95,866.65,3881
935,ok,2022-12-12,860.15,890.0,860.0,861.6,7378
936,ok,2022-12-13,865.0,870.15,860.0,860.85,3208
937,ok,2022-12-14,861.95,866.0,856.05,862.25,4989
938,ok,2022-12-15,860.0,867.95,848.0,854.7,7371
939,ok,2022-12-18,862.0,864.45,845.0,847.0,6209
940,ok,2022-12-19,847.0,853.05,841.0,842.35,7280
941,ok,2022-12-20,843.95,869.0,840.05,853.7,9307
942,ok,2022-12-21,845.0,873.05,840.0,856.05,11313
943,ok,2022-12-22,851.0,856.0,811.0,826.6,27372
944,ok,2022-12-25,825.0,860.0,819.85,855.3,7943
945,ok,2022-12-26,863.85,874.45,848.0,855.85,18225
946,ok,2022-12-27,864.3,864.3,845.0,852.05,2553
947,ok,2022-12-28,860.0,863.4,841.25,847.25,11379
948,ok,2022-12-29,860.0,876.0,850.4,864.8,8668
949,ok,2023-01-01,876.0,888.0,858.4,882.6,25300
950,ok,2023-01-02,884.9,973.6,877.65,949.85,98732
951,ok,2023-01-03,965.0,978.95,931.0,936.0,54668
952,ok,2023-01-04,939.0,942.15,915.0,919.8,7248
953,ok,2023-01-05,914.8,956.0,914.8,931.5,23169
954,ok,2023-01-08,954.95,954.95,922.25,931.5,14136
955,ok,2023-01-09,930.0,943.5,920.0,924.6,9030
956,ok,2023-01-10,930.0,938.75,911.0,917.45,28275
957,ok,2023-01-11,926.55,969.25,926.5,960.9,77309
958,ok,2023-01-12,960.0,993.9,935.05,951.0,219417
959,ok,2023-01-15,952.25,1028.0,951.0,1001.55,178863
960,ok,2023-01-16,1001.55,1009.05,961.0,964.55,45525
961,ok,2023-01-17,966.5,1027.25,966.5,1019.85,77510
